World_X,World_Y,World_Z,Image_X,Image_Y,Camera_Z
6.444902420043945,-93.48470306396484,-24.419471740722656,207.09276838353293,192.30186697121837,-317.87836270787034
24.594829559326172,-67.48316955566406,47.30222702026367,134.866502493057,116.53818518776092,-244.57406231012516
-3.9952917098999023,-88.01788330078125,40.851314544677734,194.89804948376883,69.71760425520637,-265.9305916127907
-41.684776306152344,-108.95523071289062,-3.3334970474243164,281.14164795270096,94.36642838052495,-317.33175571404337
-30.807308197021484,-115.76215362548828,-39.91801071166992,267.8013808477034,155.14246237778798,-348.24765853977925
