World_X,World_Y,World_Z,Image_X,Image_Y,Camera_Z
6.444902420043945,-93.48470306396484,-24.419471740722656,319.9913792090213,313.68167851409544,-287.97364639217346
24.594829559326172,-67.48316955566406,47.30222702026367,426.30423492553814,153.4438593493564,-249.46787686368197
-3.9952917098999023,-88.01788330078125,40.851314544677734,391.4272531238176,230.44255844623393,-232.71973267087986
-41.684776306152344,-108.95523071289062,-3.3334970474243164,271.8467640827904,371.70709229360034,-239.68057396371904
-30.807308197021484,-115.76215362548828,-39.91801071166992,257.5945998887331,409.14512784202105,-272.7063548039253
