World_X,World_Y,World_Z,Image_X,Image_Y,Camera_Z
6.444902420043945,-93.48470306396484,-24.419471740722656,353.0806180314425,217.14576969921956,-253.0789618419673
24.594829559326172,-67.48316955566406,47.30222702026367,275.6474572000925,28.139343024607285,-200.5606764311954
-3.9952917098999023,-88.01788330078125,40.851314544677734,360.30650157714433,115.1905889864907,-191.65258492740628
-41.684776306152344,-108.95523071289062,-3.3334970474243164,433.9757578875493,308.2374757390818,-210.451119177196
-30.807308197021484,-115.76215362548828,-39.91801071166992,427.45377323899737,326.14188716379664,-247.5054614673275
