World_X,World_Y,World_Z,Image_X,Image_Y,Camera_Z
6.444902420043945,-93.48470306396484,-24.419471740722656,347.22505613699485,261.4671966878012,-264.1681289297653
24.594829559326172,-67.48316955566406,47.30222702026367,317.10503255966626,54.8156444505027,-223.15799141641037
-3.9952917098999023,-88.01788330078125,40.851314544677734,337.5963115495381,149.19451790259615,-207.68161189825125
-41.684776306152344,-108.95523071289062,-3.3334970474243164,336.75276081991416,352.9720650655997,-217.77502772947952
-30.807308197021484,-115.76215362548828,-39.91801071166992,358.1061074488868,386.76248908122363,-250.988236297321
