World_X,World_Y,World_Z,Image_X,Image_Y,Camera_Z
6.444902420043945,-93.48470306396484,-24.419471740722656,161.18609984541686,299.9295019988122,-224.06085822222693
24.594829559326172,-67.48316955566406,47.30222702026367,289.57264731513726,268.767510817217,-155.91696563427644
-3.9952917098999023,-88.01788330078125,40.851314544677734,158.12784717865438,192.71396942529202,-164.61764021424878
-41.684776306152344,-108.95523071289062,-3.3334970474243164,54.90731265754848,154.23748394668092,-211.4371123783097
-30.807308197021484,-115.76215362548828,-39.91801071166992,64.38322302482308,231.13057484253483,-243.00535897247423
