World_X,World_Y,World_Z,Image_X,Image_Y,Camera_Z
6.444902420043945,-93.48470306396484,-24.419471740722656,332.52901540340093,250.87057839929122,-304.251173628921
24.594829559326172,-67.48316955566406,47.30222702026367,290.04307652728875,68.92860895269138,-275.6129277076208
-3.9952917098999023,-88.01788330078125,40.851314544677734,305.8240076259828,133.87877668089158,-254.79300579000483
-41.684776306152344,-108.95523071289062,-3.3334970474243164,315.8430767258745,305.93461519983146,-254.55134980430273
-30.807308197021484,-115.76215362548828,-39.91801071166992,344.8348893591066,353.825015395454,-283.81811487088675
