World_X,World_Y,World_Z,Image_X,Image_Y,Camera_Z
6.444902420043945,-93.48470306396484,-24.419471740722656,316.8100264813103,199.57909414839577,-305.84785427927113
24.594829559326172,-67.48316955566406,47.30222702026367,319.8879287242869,61.031149443988454,-239.42934177701295
-3.9952917098999023,-88.01788330078125,40.851314544677734,401.8643267322698,118.74464206219949,-249.20896450453154
-41.684776306152344,-108.95523071289062,-3.3334970474243164,437.8934508326939,245.74590257884614,-286.41071532830057
-30.807308197021484,-115.76215362548828,-39.91801071166992,386.49599626681635,264.76795890065364,-321.54924875174726
