World_X,World_Y,World_Z,Image_X,Image_Y,Camera_Z
6.444902420043945,-93.48470306396484,-24.419471740722656,346.6089749983477,222.45671700020813,-243.28467922315315
24.594829559326172,-67.48316955566406,47.30222702026367,214.55692951393922,39.76021702750239,-199.68680841078447
-3.9952917098999023,-88.01788330078125,40.851314544677734,278.29118542024577,130.64762009417797,-185.75916670799995
-41.684776306152344,-108.95523071289062,-3.3334970474243164,374.4547574518738,330.76373758073316,-199.15846239643943
-30.807308197021484,-115.76215362548828,-39.91801071166992,413.58390477595066,342.76570066764975,-232.47900544616564
