World_X,World_Y,World_Z,Image_X,Image_Y,Camera_Z
6.444902420043945,-93.48470306396484,-24.419471740722656,364.7797918259616,229.52598185951967,-237.95551107606562
24.594829559326172,-67.48316955566406,47.30222702026367,339.80930918872343,74.41809256990769,-169.46939729560006
-3.9952917098999023,-88.01788330078125,40.851314544677734,423.332890866719,197.92710583646385,-171.95804423640368
-41.684776306152344,-108.95523071289062,-3.3334970474243164,448.3343099289313,368.13032720314874,-208.67977080071765
-30.807308197021484,-115.76215362548828,-39.91801071166992,421.8062782700197,344.86141828080446,-247.37881298653537
