World_X,World_Y,World_Z,Image_X,Image_Y,Camera_Z
6.444902420043945,-93.48470306396484,-24.419471740722656,235.35071610762063,356.2414776089026,-209.56525007222817
24.594829559326172,-67.48316955566406,47.30222702026367,338.96340845367274,196.07684906777,-147.5749486042528
-3.9952917098999023,-88.01788330078125,40.851314544677734,179.8078764780205,255.47726472388325,-151.1318608297551
-41.684776306152344,-108.95523071289062,-3.3334970474243164,43.25223518200504,339.66314433364937,-191.32658087789986
-30.807308197021484,-115.76215362548828,-39.91801071166992,102.45155719046822,396.5870072589308,-222.26067066559952
